Machine,Shift,Temperature,Pressure,Time,Output,Defects,Downtime
Inspection,Evening,78.69,1.013,56,83,8,16.8
Inspection,Night,74.65,1.04,44,105,4,4.2
Wafer Bumper,Evening,79.33,1.001,55,116,6,2.7
Inspection,Evening,75.59,0.987,21,85,1,5.1
Inspection,Evening,65.5,1.074,25,89,4,4.4
Inspection,Morning,79.46,1.033,40,99,2,5.6
Die Bonder,Morning,79.71,0.96,56,104,6,5.2
Wafer Bumper,Night,86.21,1.009,47,119,10,4.3
Wafer Bumper,Morning,79.4,0.942,26,95,6,4.0
Inspection,Morning,73.52,0.899,29,110,4,0.9
Inspection,Evening,69.45,0.85,22,101,4,3.7
Die Bonder,Night,84.54,0.972,59,102,7,5.9
Die Bonder,Night,65.85,0.981,26,114,7,2.8
Inspection,Morning,71.33,0.97,37,103,9,7.4
Inspection,Evening,73.04,1.069,33,116,7,2.4
Inspection,Evening,74.82,1.058,28,112,7,6.1
Inspection,Morning,70.17,1.145,23,97,4,7.0
Inspection,Evening,75.72,1.017,45,118,2,5.4
Die Bonder,Night,82.46,0.97,29,104,14,3.6
Wafer Bumper,Night,72.87,0.977,47,103,5,8.9
Die Bonder,Night,78.24,0.875,32,117,3,2.0
Inspection,Evening,76.28,1.134,39,120,9,2.1
Die Bonder,Evening,73.33,0.998,35,97,2,8.7
Wafer Bumper,Night,71.93,0.913,31,90,4,5.2
Die Bonder,Evening,80.87,0.881,42,93,7,3.5
Inspection,Morning,69.96,1.05,24,83,5,5.5
Inspection,Night,72.24,0.999,37,105,10,8.1
Inspection,Evening,73.7,1.064,44,89,0,2.7
Inspection,Morning,73.42,1.026,57,119,6,6.1
Inspection,Evening,74.69,0.972,27,100,4,3.4
Die Bonder,Night,77.33,0.8,60,111,4,5.5
Wafer Bumper,Evening,81.76,1.036,23,111,3,6.9
Wafer Bumper,Night,76.03,0.86,29,117,10,7.6
Wafer Bumper,Evening,77.54,1.044,31,116,7,4.8
Wafer Bumper,Night,73.63,0.967,21,105,11,6.7
Inspection,Night,79.4,0.946,28,91,9,5.8
Wafer Bumper,Night,74.01,0.96,46,114,5,4.7
Inspection,Night,79.64,1.04,29,117,10,4.9
Wafer Bumper,Evening,86.19,1.185,47,83,5,6.2
Die Bonder,Evening,81.41,1.032,24,87,5,4.1
Die Bonder,Morning,71.78,1.002,34,106,1,3.7
Die Bonder,Evening,78.9,0.917,26,97,4,3.9
Wafer Bumper,Night,76.22,1.093,41,101,11,8.4
Inspection,Night,78.67,0.894,33,93,1,6.8
Inspection,Evening,72.83,0.953,52,113,10,2.9
Wafer Bumper,Morning,69.67,0.955,36,96,4,8.0
Inspection,Morning,79.68,1.08,41,84,5,7.7
Die Bonder,Evening,71.48,1.023,25,120,7,6.3
Inspection,Night,72.82,0.988,27,112,10,6.6
Die Bonder,Night,75.34,1.032,47,96,1,1.8
Wafer Bumper,Night,66.46,1.187,24,84,2,5.3
Die Bonder,Evening,73.35,0.973,45,86,7,5.6
Die Bonder,Night,77.0,0.738,33,86,11,5.9
Inspection,Evening,77.3,1.033,41,108,9,5.7
Inspection,Evening,68.35,0.936,33,110,2,5.4
Inspection,Night,75.89,0.945,23,83,4,4.3
Die Bonder,Morning,84.34,0.952,60,102,5,4.6
Die Bonder,Night,68.26,1.185,54,90,4,4.3
Wafer Bumper,Evening,71.28,1.177,60,96,10,0.7
Wafer Bumper,Morning,77.51,0.878,23,113,10,6.0
Inspection,Morning,76.24,0.897,21,106,2,4.3
Inspection,Night,72.79,1.114,42,91,7,4.7
Wafer Bumper,Night,78.1,1.05,21,100,2,7.3
Inspection,Night,75.5,1.139,58,109,4,8.9
Wafer Bumper,Night,69.03,1.068,43,102,7,7.1
Inspection,Evening,77.86,0.918,34,114,4,0.9
Inspection,Evening,72.03,1.209,43,95,10,4.1
Inspection,Night,74.75,1.004,60,94,1,7.9
Die Bonder,Morning,80.91,0.987,47,92,12,4.7
Inspection,Night,82.92,0.91,55,110,9,3.1
Die Bonder,Evening,74.28,0.977,58,86,7,2.9
Wafer Bumper,Evening,75.61,0.851,36,117,3,2.1
Wafer Bumper,Morning,79.04,0.999,53,80,10,6.0
Inspection,Night,81.2,0.963,55,89,8,4.8
Wafer Bumper,Evening,74.97,0.953,58,92,9,6.5
Inspection,Night,82.31,0.937,34,85,12,4.6
Inspection,Evening,81.05,1.065,28,95,1,3.5
Inspection,Morning,74.98,1.121,20,108,4,4.0
Wafer Bumper,Morning,86.16,1.017,51,115,9,8.5
Wafer Bumper,Morning,75.31,0.914,45,112,2,8.5
Die Bonder,Evening,81.34,1.051,55,89,4,5.2
Inspection,Night,65.73,1.2,31,118,11,7.0
Wafer Bumper,Night,80.59,1.024,43,105,6,6.0
Inspection,Night,81.76,0.892,26,95,9,3.6
Wafer Bumper,Morning,74.74,1.156,37,101,0,6.4
Inspection,Evening,78.74,1.014,52,95,0,3.9
Die Bonder,Night,74.08,0.968,46,88,7,5.2
Inspection,Evening,70.8,0.959,50,105,3,4.9
Wafer Bumper,Night,69.97,0.997,24,111,1,0.0
Wafer Bumper,Night,76.25,1.066,56,115,9,7.0
Inspection,Morning,82.33,0.818,26,96,8,1.1
Wafer Bumper,Morning,78.76,1.024,47,85,2,5.5
Inspection,Evening,78.01,1.09,37,94,8,5.1
Inspection,Morning,74.15,1.065,21,120,10,15.5
Wafer Bumper,Evening,69.43,0.995,39,98,8,7.2
Die Bonder,Night,76.13,0.958,23,82,8,7.4
Die Bonder,Evening,74.13,0.875,23,82,1,7.9
Wafer Bumper,Evening,82.6,1.186,52,81,12,5.9
Inspection,Morning,73.84,0.868,58,89,9,3.5
Die Bonder,Morning,82.69,0.873,41,98,10,3.1
Wafer Bumper,Evening,64.59,1.13,55,103,3,4.0
Wafer Bumper,Morning,78.03,1.057,33,118,10,4.6
Wafer Bumper,Morning,77.58,0.829,58,120,1,7.8
Die Bonder,Night,63.22,0.976,35,80,4,5.4
Die Bonder,Night,75.09,1.052,43,119,7,9.4
Inspection,Evening,80.82,0.964,56,91,12,7.5
Wafer Bumper,Morning,70.07,0.951,42,120,15,2.5
Inspection,Morning,74.2,1.119,33,116,1,3.6
Inspection,Morning,73.02,0.994,21,101,7,6.8
Inspection,Morning,77.73,1.045,41,96,3,6.6
Wafer Bumper,Evening,72.9,1.004,56,80,5,7.4
Wafer Bumper,Morning,73.26,1.117,20,100,2,4.8
Die Bonder,Evening,81.45,0.957,60,80,12,9.8
Die Bonder,Morning,83.85,1.083,37,105,7,2.5
Wafer Bumper,Night,70.64,0.924,37,91,7,0.0
Die Bonder,Morning,79.88,0.994,58,111,6,6.9
Inspection,Morning,71.51,0.961,33,86,6,5.2
Wafer Bumper,Morning,71.27,1.115,33,103,5,2.1
Inspection,Evening,67.29,0.953,41,107,1,3.2
Die Bonder,Night,69.37,0.922,58,101,6,5.9
Wafer Bumper,Night,71.21,0.998,31,99,1,6.6
Wafer Bumper,Morning,70.31,1.217,30,107,7,5.4
Inspection,Evening,67.84,1.073,46,111,0,7.8
Die Bonder,Morning,77.81,0.968,20,111,3,4.6
Die Bonder,Morning,72.81,1.047,31,100,5,3.0
Die Bonder,Night,79.58,1.135,57,82,3,8.1
Inspection,Evening,70.29,1.127,59,94,6,2.7
Inspection,Night,76.29,0.834,30,90,10,4.0
Wafer Bumper,Night,76.2,0.877,39,114,9,1.9
Inspection,Morning,72.27,1.042,55,119,4,5.8
Inspection,Night,79.66,1.022,49,116,4,3.8
Die Bonder,Night,72.84,0.964,58,89,6,4.1
Wafer Bumper,Evening,74.41,0.883,39,99,8,8.5
Die Bonder,Evening,73.77,0.957,57,97,0,4.9
Wafer Bumper,Night,76.63,0.986,26,109,4,3.7
Wafer Bumper,Night,76.03,1.101,44,80,6,8.0
Wafer Bumper,Evening,79.0,1.071,49,111,1,6.3
Die Bonder,Evening,74.67,1.135,54,116,8,6.3
Inspection,Morning,75.59,1.031,53,84,4,5.2
Die Bonder,Night,78.66,1.131,57,86,3,3.2
Wafer Bumper,Evening,73.22,1.122,34,80,1,5.0
Die Bonder,Evening,81.94,1.065,20,111,11,3.3
Wafer Bumper,Evening,84.96,1.144,38,102,12,4.2
Wafer Bumper,Night,76.66,0.89,54,113,10,0.3
Wafer Bumper,Evening,73.68,1.191,31,83,8,5.8
Inspection,Morning,71.96,1.088,53,87,8,3.4
Die Bonder,Morning,79.05,0.822,59,97,6,8.2
Wafer Bumper,Night,84.26,0.859,38,85,7,4.4
Inspection,Morning,73.11,0.949,34,81,3,14.6
Die Bonder,Morning,69.97,0.898,27,115,3,8.7
Inspection,Night,84.41,0.886,28,90,9,7.8
Die Bonder,Night,66.13,0.97,27,105,5,3.1
Wafer Bumper,Morning,74.74,0.931,46,102,6,4.9
Wafer Bumper,Morning,77.29,1.218,55,118,7,1.6
Inspection,Evening,78.72,0.998,52,118,8,4.2
Inspection,Morning,75.49,1.006,48,118,0,6.7
Wafer Bumper,Night,72.08,1.094,56,104,2,8.3
Inspection,Evening,74.44,0.917,37,105,0,6.5
Wafer Bumper,Morning,70.42,0.871,31,99,10,4.9
Wafer Bumper,Night,71.56,0.934,23,99,8,4.8
Inspection,Morning,67.64,0.952,22,86,8,4.8
Inspection,Evening,76.62,0.992,42,106,8,1.7
Inspection,Evening,73.2,1.092,26,84,5,5.1
Die Bonder,Morning,80.26,1.089,43,96,13,3.6
Die Bonder,Evening,79.46,0.905,47,84,2,4.2
Die Bonder,Morning,75.93,0.917,54,108,3,4.0
Inspection,Evening,76.66,0.813,59,97,0,9.6
Die Bonder,Evening,78.53,0.966,28,83,2,6.9
Wafer Bumper,Morning,81.94,1.037,32,81,4,6.7
Die Bonder,Night,82.96,1.085,56,87,3,8.5
Die Bonder,Morning,80.93,1.074,51,100,10,5.3
Wafer Bumper,Evening,81.06,1.011,23,117,3,8.5
Die Bonder,Night,69.45,0.943,24,88,4,2.4
Wafer Bumper,Night,76.83,0.76,24,89,10,6.8
Die Bonder,Evening,83.39,1.003,33,106,15,7.0
Inspection,Evening,75.73,1.06,29,90,0,3.8
Inspection,Morning,74.15,0.891,32,86,5,2.8
Die Bonder,Night,72.4,0.991,22,102,3,1.4
Inspection,Evening,72.96,0.883,51,83,7,5.0
Inspection,Morning,75.24,0.906,29,98,10,2.7
Inspection,Morning,73.15,0.921,31,84,7,4.6
Inspection,Evening,73.79,1.05,39,119,0,5.2
Die Bonder,Night,68.71,0.811,52,115,2,9.1
Wafer Bumper,Night,76.13,0.871,34,111,5,5.3
Die Bonder,Evening,72.63,1.093,29,89,1,5.7
Die Bonder,Evening,72.78,1.171,58,81,5,3.9
Die Bonder,Night,86.84,1.064,28,100,6,3.7
Die Bonder,Morning,82.84,1.114,31,115,2,4.4
Wafer Bumper,Evening,84.92,1.002,52,92,9,5.8
Wafer Bumper,Evening,80.79,0.963,34,95,2,7.9
Die Bonder,Morning,72.48,1.043,58,106,0,6.9
Inspection,Morning,74.82,1.078,36,87,1,6.4
Die Bonder,Morning,77.08,0.876,24,109,6,4.8
Inspection,Morning,68.58,0.987,21,85,4,4.2
Die Bonder,Evening,66.09,1.061,57,83,6,3.8
Die Bonder,Night,65.92,0.952,58,109,1,4.5
Die Bonder,Morning,73.64,0.895,55,92,10,7.8
Wafer Bumper,Morning,73.45,1.111,58,96,5,5.3
Inspection,Evening,75.46,0.85,29,97,2,1.6
Die Bonder,Evening,70.58,0.95,21,106,6,4.8
Wafer Bumper,Evening,76.31,0.902,58,102,2,5.7
Inspection,Evening,70.4,0.797,54,107,9,2.8
Wafer Bumper,Morning,72.44,1.057,34,93,8,5.1
Inspection,Evening,77.02,1.076,58,89,6,4.5
Die Bonder,Morning,70.37,0.778,44,96,4,5.0
Inspection,Night,67.59,0.85,22,107,7,3.9
Wafer Bumper,Morning,80.63,0.995,26,105,7,6.8
Wafer Bumper,Evening,81.34,0.985,26,103,4,3.1
Inspection,Evening,68.32,0.957,23,98,10,6.7
Inspection,Evening,81.43,1.068,53,109,7,2.0
Wafer Bumper,Night,79.67,0.987,51,86,4,2.3
Die Bonder,Morning,60.39,0.98,52,86,4,4.9
Inspection,Night,77.04,1.103,44,116,7,5.9
Inspection,Night,76.99,1.011,50,102,1,6.0
Wafer Bumper,Evening,73.39,1.005,47,91,3,4.5
Wafer Bumper,Evening,71.95,0.982,30,91,4,5.5
Die Bonder,Morning,73.22,1.062,49,84,7,7.7
Inspection,Morning,74.11,1.025,35,88,5,2.8
Wafer Bumper,Night,70.13,0.883,27,84,2,1.9
Die Bonder,Night,71.62,0.961,43,100,11,5.9
Die Bonder,Morning,70.52,1.019,56,84,10,1.6
Wafer Bumper,Evening,78.58,1.032,55,111,7,6.6
Inspection,Morning,74.89,1.074,42,85,7,4.3
Wafer Bumper,Evening,72.11,0.902,48,109,0,4.1
Inspection,Morning,85.87,1.201,26,90,8,6.9
Die Bonder,Morning,80.51,0.859,24,106,6,3.2
Die Bonder,Evening,72.58,1.087,52,119,3,5.1
Inspection,Morning,76.77,1.057,36,91,9,0.5
Wafer Bumper,Morning,80.14,1.138,20,116,1,3.5
Inspection,Night,77.73,0.946,51,106,7,7.3
Inspection,Night,81.37,0.94,45,118,12,5.6
Die Bonder,Evening,99.45,0.933,60,120,5,3.2
Inspection,Night,78.16,1.105,46,95,2,17.5
Wafer Bumper,Evening,74.0,0.989,42,85,9,6.8
Die Bonder,Morning,66.35,1.055,25,115,0,5.2
Die Bonder,Morning,74.23,0.989,50,107,6,5.4
Die Bonder,Morning,74.83,1.03,36,108,9,4.3
Inspection,Morning,73.8,0.779,35,98,2,6.0
Wafer Bumper,Morning,72.75,0.965,39,89,3,3.2
Wafer Bumper,Evening,80.41,1.021,48,98,3,6.2
Die Bonder,Night,80.32,0.951,54,101,13,6.1
Inspection,Morning,70.18,1.048,28,120,3,6.3
Inspection,Morning,74.09,1.123,55,82,5,7.1
Inspection,Night,81.42,0.953,33,100,7,8.1
Wafer Bumper,Night,76.4,1.068,33,82,2,4.8
Inspection,Evening,80.87,0.837,41,100,10,4.1
Wafer Bumper,Night,80.37,1.125,24,80,10,7.0
Wafer Bumper,Night,75.04,1.066,37,109,1,7.3
Die Bonder,Evening,74.32,1.015,21,92,9,2.9
Wafer Bumper,Evening,70.21,1.061,48,81,4,7.6
Wafer Bumper,Evening,83.73,1.1,37,110,6,6.7
Wafer Bumper,Evening,70.14,0.887,54,113,4,5.2
Die Bonder,Night,77.77,0.978,58,113,2,5.2
Die Bonder,Morning,72.4,1.102,26,101,9,6.5
Wafer Bumper,Night,75.89,0.782,56,97,2,7.9
Die Bonder,Morning,83.72,0.949,50,117,11,3.5
Wafer Bumper,Morning,72.77,0.943,21,97,9,5.3
Die Bonder,Night,77.38,1.082,58,101,10,6.4
Die Bonder,Evening,78.38,1.003,51,120,10,3.9
Wafer Bumper,Evening,65.84,0.885,29,96,3,4.7
Die Bonder,Evening,76.56,1.075,32,105,3,6.8
Die Bonder,Night,76.28,0.973,42,108,2,2.9
Wafer Bumper,Morning,81.99,1.045,27,89,7,6.5
Die Bonder,Morning,72.43,0.873,48,86,3,2.8
Die Bonder,Evening,73.08,0.946,26,116,10,6.1
Inspection,Evening,83.66,1.001,26,112,11,3.1
Die Bonder,Night,75.79,0.979,25,113,5,10.2
Wafer Bumper,Night,78.56,0.858,35,99,8,5.5
Die Bonder,Night,80.95,1.1,21,98,13,6.8
Die Bonder,Night,74.85,0.957,44,103,1,5.6
Inspection,Evening,73.52,0.943,44,112,1,4.9
Inspection,Morning,73.23,0.777,27,95,9,5.0
Inspection,Morning,79.34,1.044,54,107,0,7.1
Die Bonder,Morning,80.46,0.998,32,91,8,5.3
Wafer Bumper,Morning,73.11,1.06,40,114,9,6.6
Die Bonder,Evening,71.58,0.88,36,86,2,4.5
Wafer Bumper,Morning,70.34,1.007,50,107,3,2.6
Die Bonder,Evening,68.19,0.992,25,87,1,4.9
Die Bonder,Evening,80.63,1.062,58,113,9,5.5
Die Bonder,Night,77.75,0.857,28,120,5,4.4
Die Bonder,Night,79.13,1.0,20,107,5,4.4
Die Bonder,Night,74.1,0.928,31,113,8,6.6
Wafer Bumper,Night,78.09,1.098,52,118,11,4.7
Inspection,Morning,77.15,0.978,54,90,8,4.4
Inspection,Evening,79.14,0.929,60,80,7,4.5
Inspection,Morning,71.3,1.043,51,104,8,4.3
Inspection,Evening,72.09,0.996,45,118,9,4.0
Inspection,Night,72.38,1.011,27,93,8,4.5
Inspection,Morning,71.24,1.106,40,118,8,5.7
Inspection,Night,77.55,0.969,47,82,1,5.9
Wafer Bumper,Night,70.23,1.012,42,102,9,8.3
Inspection,Night,75.52,1.167,41,106,2,0.0
Die Bonder,Morning,79.58,1.011,29,113,3,6.3
Inspection,Morning,73.3,0.894,51,120,1,5.1
Inspection,Night,74.06,1.079,31,116,4,4.1
Inspection,Night,73.09,1.185,59,91,5,4.2
Die Bonder,Morning,74.58,1.035,36,117,1,1.7
Inspection,Morning,79.22,0.993,29,103,5,3.3
Die Bonder,Night,71.61,1.025,32,101,6,3.9
Wafer Bumper,Morning,73.2,0.958,24,99,8,3.3
Inspection,Night,71.03,0.967,21,93,1,5.4
Inspection,Night,71.69,0.933,38,88,1,2.2
Die Bonder,Evening,68.79,1.101,42,115,0,2.9
Die Bonder,Evening,66.39,0.919,38,95,7,5.8
Wafer Bumper,Morning,76.44,1.027,56,104,3,4.3
Die Bonder,Morning,75.78,1.014,35,110,3,0.1
Inspection,Night,80.01,0.995,45,80,14,1.5
Wafer Bumper,Night,77.93,1.064,22,103,3,4.5
Inspection,Evening,80.31,1.115,25,93,8,6.6
Inspection,Morning,76.65,1.225,43,119,4,6.1
Inspection,Morning,82.45,1.084,55,108,5,2.6
Wafer Bumper,Night,85.61,0.985,49,120,9,20.7
Wafer Bumper,Evening,63.05,0.899,35,92,3,4.2
Die Bonder,Morning,77.96,1.004,34,100,9,0.1
Wafer Bumper,Morning,83.87,0.922,49,100,7,7.0
Wafer Bumper,Evening,76.7,0.931,31,106,2,3.2
Wafer Bumper,Night,70.5,0.906,22,95,10,3.2
Inspection,Evening,70.57,0.969,58,99,6,3.1
Die Bonder,Night,77.13,0.9,30,106,4,6.5
Die Bonder,Evening,70.57,0.997,57,101,8,4.3
Inspection,Evening,74.79,1.171,35,101,5,6.3
Inspection,Night,81.1,0.865,36,106,10,2.0
Inspection,Evening,78.58,1.082,44,111,0,3.9
Die Bonder,Night,75.56,1.075,35,108,5,6.7
Inspection,Night,83.21,1.142,52,104,4,6.6
Die Bonder,Evening,68.47,0.958,25,118,2,1.7
Wafer Bumper,Evening,81.68,0.978,34,98,7,4.9
Inspection,Evening,75.54,0.958,24,103,6,5.9
Inspection,Morning,72.26,1.014,60,88,0,4.5
Die Bonder,Evening,75.55,0.803,48,105,1,4.8
Wafer Bumper,Evening,90.51,0.701,55,88,11,12.4
Wafer Bumper,Evening,70.98,1.088,36,90,8,6.0
Wafer Bumper,Evening,82.13,0.86,47,82,7,5.2
Inspection,Night,73.88,0.959,28,92,1,3.9
Inspection,Night,70.29,0.888,22,97,3,5.4
Inspection,Evening,73.81,0.833,20,95,8,5.4
Wafer Bumper,Evening,65.77,0.951,22,88,1,4.7
Wafer Bumper,Morning,81.01,0.952,22,106,7,5.8
Wafer Bumper,Morning,76.56,0.969,40,106,2,4.1
Inspection,Morning,70.11,1.057,50,84,6,4.7
Wafer Bumper,Morning,63.85,1.213,43,83,8,6.2
Wafer Bumper,Morning,76.61,0.839,51,84,1,6.3
Die Bonder,Morning,73.88,0.905,25,106,8,2.9
Inspection,Night,68.16,1.253,45,93,3,3.2
Inspection,Morning,73.62,0.815,29,113,12,2.8
Inspection,Night,74.1,1.029,60,114,10,3.8
Inspection,Morning,72.67,1.108,43,85,2,5.5
Die Bonder,Evening,71.99,1.039,54,113,8,5.6
Inspection,Morning,77.71,0.974,46,111,3,6.5
Inspection,Evening,83.66,0.886,42,83,5,6.8
Wafer Bumper,Morning,76.72,1.009,43,87,4,6.9
Wafer Bumper,Evening,67.43,1.085,38,89,9,6.4
Inspection,Evening,73.77,0.849,29,107,10,0.7
Die Bonder,Morning,71.93,0.951,52,93,7,7.3
Die Bonder,Morning,84.16,1.053,39,119,9,4.6
Inspection,Night,70.19,0.883,41,99,3,6.6
Inspection,Evening,75.97,1.008,40,113,1,5.1
Wafer Bumper,Night,74.97,0.911,60,88,1,2.0
Die Bonder,Morning,68.76,1.106,28,87,1,4.4
Inspection,Morning,67.51,0.956,29,98,4,7.8
Die Bonder,Night,70.8,0.905,50,112,1,7.9
Inspection,Evening,73.99,0.97,58,112,6,8.1
Die Bonder,Night,73.66,0.921,46,82,7,1.9
Inspection,Evening,82.19,1.003,29,100,11,3.2
Wafer Bumper,Night,85.57,1.033,59,92,10,8.3
Wafer Bumper,Morning,83.65,0.858,25,118,5,4.9
Wafer Bumper,Morning,69.48,0.901,52,102,5,2.1
Wafer Bumper,Night,73.5,0.991,59,119,10,3.6
Inspection,Night,69.87,1.008,20,117,2,5.8
Wafer Bumper,Evening,69.45,1.111,29,97,2,3.1
Die Bonder,Evening,81.46,1.139,38,96,7,1.7
Inspection,Evening,76.38,1.037,55,91,3,4.1
Inspection,Evening,78.06,0.787,39,102,3,4.6
Die Bonder,Morning,79.18,0.99,33,91,8,4.3
Inspection,Night,92.54,1.074,56,106,6,6.3
Die Bonder,Night,85.87,1.166,27,81,4,2.7
Wafer Bumper,Night,67.29,0.887,29,103,11,6.2
Die Bonder,Morning,73.17,1.141,36,91,10,2.9
Die Bonder,Morning,78.27,1.01,31,90,3,4.3
Die Bonder,Morning,75.62,1.03,56,117,0,1.3
Wafer Bumper,Evening,70.59,0.997,59,114,8,4.3
Inspection,Morning,75.7,0.994,52,104,9,18.5
Wafer Bumper,Morning,73.8,1.068,36,91,0,6.8
Inspection,Evening,79.59,0.854,22,114,10,3.4
Wafer Bumper,Morning,77.74,1.128,52,85,8,6.2
Inspection,Evening,76.32,1.091,52,93,10,3.9
Die Bonder,Morning,74.33,1.02,38,114,7,0.5
Inspection,Night,75.2,1.111,44,96,6,2.4
Inspection,Evening,77.82,0.943,58,86,6,6.7
Die Bonder,Evening,75.18,1.022,24,110,6,5.2
Inspection,Evening,79.35,0.959,25,100,4,6.5
Inspection,Evening,70.99,0.956,41,108,5,8.4
Inspection,Evening,77.43,0.853,34,118,9,4.3
Wafer Bumper,Evening,71.54,1.013,52,117,1,5.7
Wafer Bumper,Night,69.65,0.954,43,114,10,2.6
Inspection,Night,77.43,0.816,42,100,5,5.7
Wafer Bumper,Evening,75.16,0.946,44,106,0,3.5
Wafer Bumper,Evening,80.22,1.128,22,92,4,3.1
Die Bonder,Evening,66.97,1.034,56,94,4,2.6
Wafer Bumper,Night,76.85,0.858,43,96,7,2.8
Wafer Bumper,Morning,77.68,1.068,30,99,5,-0.0
Die Bonder,Evening,73.29,1.062,60,114,10,4.9
Wafer Bumper,Morning,71.42,1.063,55,96,3,4.3
Inspection,Morning,78.44,1.272,21,90,6,2.1
Wafer Bumper,Evening,68.18,1.026,54,96,8,4.5
Die Bonder,Night,75.46,1.008,49,99,2,6.9
Wafer Bumper,Night,78.92,1.017,37,90,6,5.6
Inspection,Evening,69.04,0.962,48,117,8,4.9
Die Bonder,Evening,78.78,0.877,49,118,4,8.0
Die Bonder,Evening,76.72,1.011,29,90,5,5.2
Wafer Bumper,Evening,94.03,1.068,45,84,7,13.7
Wafer Bumper,Night,75.45,1.033,31,100,5,2.7
Die Bonder,Night,71.96,1.068,57,103,5,8.3
Wafer Bumper,Morning,71.7,0.982,26,92,9,6.4
Die Bonder,Evening,78.52,1.0,21,84,7,0.5
Die Bonder,Morning,76.68,0.782,39,88,4,6.6
Inspection,Morning,77.42,0.967,33,96,9,6.8
Die Bonder,Night,75.59,1.163,20,114,4,1.7
Wafer Bumper,Night,74.37,0.876,40,118,10,5.2
Wafer Bumper,Evening,78.71,0.877,23,99,8,3.9
Wafer Bumper,Evening,69.67,0.987,45,111,9,3.7
Die Bonder,Evening,72.37,0.921,37,105,0,3.5
Inspection,Evening,69.7,1.081,28,98,8,4.0
Inspection,Evening,84.73,0.96,54,88,10,4.6
Wafer Bumper,Morning,76.72,0.904,40,94,4,2.0
Inspection,Morning,73.63,0.996,54,82,2,4.1
Die Bonder,Evening,78.41,0.982,20,111,4,3.4
Inspection,Evening,78.06,0.768,57,112,6,4.3
Inspection,Night,77.59,0.836,29,81,8,3.5
Inspection,Evening,78.01,0.995,41,108,10,6.1
Die Bonder,Night,78.85,1.089,40,86,10,3.3
Inspection,Evening,75.35,1.026,47,103,3,4.0
Inspection,Morning,76.03,0.928,60,104,1,4.9
Wafer Bumper,Evening,73.8,1.181,26,112,5,4.9
Inspection,Morning,83.95,0.997,36,80,10,9.0
Wafer Bumper,Night,73.18,0.943,42,80,9,3.5
Wafer Bumper,Evening,73.23,0.925,41,84,9,1.2
Die Bonder,Night,79.18,1.052,24,105,1,7.1
Die Bonder,Morning,76.39,0.997,33,111,2,7.6
Inspection,Night,80.15,1.018,20,105,7,5.6
Die Bonder,Evening,73.43,1.125,58,116,1,6.1
Inspection,Night,78.7,1.001,52,117,9,7.3
Die Bonder,Evening,67.87,1.08,28,95,10,3.8
Inspection,Evening,76.35,0.926,39,80,1,8.2
Wafer Bumper,Evening,84.75,1.017,59,115,12,4.0
Wafer Bumper,Evening,79.81,1.026,37,84,4,6.2
Inspection,Morning,73.66,1.116,47,103,9,5.2
Die Bonder,Morning,75.74,1.006,23,104,3,3.4
Die Bonder,Evening,79.55,1.032,48,100,10,4.1
Die Bonder,Morning,82.92,1.08,21,102,10,6.7
Wafer Bumper,Evening,69.12,1.091,22,96,0,7.6
Wafer Bumper,Night,73.78,1.023,57,110,1,5.1
Die Bonder,Morning,73.65,0.876,37,112,4,6.6
Wafer Bumper,Morning,81.48,0.86,56,106,11,6.0
Wafer Bumper,Night,69.16,0.982,46,90,5,4.5
Die Bonder,Morning,92.72,0.898,39,105,8,18.7
Wafer Bumper,Night,82.37,0.964,21,84,8,4.3
Wafer Bumper,Morning,77.63,1.019,48,106,7,5.0
Die Bonder,Morning,76.3,1.057,30,103,8,7.7
Die Bonder,Night,76.84,1.013,54,109,2,6.5
Wafer Bumper,Morning,69.82,0.895,46,95,12,5.9
Die Bonder,Evening,77.91,0.966,49,109,7,7.7
Inspection,Morning,80.15,1.107,58,110,9,3.2
Inspection,Morning,75.23,0.875,37,115,5,0.7
Wafer Bumper,Night,72.83,1.127,26,94,4,4.8
Die Bonder,Evening,75.35,0.859,37,103,1,4.8
Inspection,Morning,75.32,0.975,53,110,3,5.8
Inspection,Evening,77.12,0.879,49,84,2,1.4
Wafer Bumper,Morning,79.13,1.033,46,81,8,4.9
Inspection,Morning,80.35,0.883,46,98,11,5.4
Die Bonder,Night,74.28,0.943,25,116,9,4.8
Die Bonder,Night,74.19,0.941,26,88,8,5.4
Inspection,Morning,79.87,0.834,26,113,3,6.3
Inspection,Night,67.73,1.236,26,120,1,5.5
Die Bonder,Night,68.52,0.904,38,96,7,5.2
Wafer Bumper,Night,73.76,1.063,56,112,5,4.5
Wafer Bumper,Evening,82.42,0.965,29,103,2,3.9
Inspection,Evening,77.03,1.014,36,120,3,5.3
Wafer Bumper,Evening,69.39,1.043,48,110,4,3.4
Inspection,Night,67.67,1.14,50,84,8,4.6
Wafer Bumper,Evening,79.88,1.05,44,82,11,22.4
Die Bonder,Night,72.16,1.041,32,82,1,6.2
Inspection,Night,81.2,0.847,39,86,6,4.1
Inspection,Morning,70.85,1.02,56,87,5,3.8
Inspection,Night,73.62,0.92,50,116,1,2.4
Wafer Bumper,Night,74.6,1.049,31,90,5,7.8
Inspection,Night,76.16,1.04,50,85,4,4.7
Die Bonder,Morning,78.21,0.884,23,120,6,6.2
Wafer Bumper,Morning,80.36,0.944,28,108,7,8.1
Die Bonder,Evening,75.25,1.022,33,97,4,5.5
Die Bonder,Night,77.28,1.291,42,87,4,3.2
Wafer Bumper,Evening,95.29,1.14,55,90,0,6.9
Wafer Bumper,Night,77.09,1.089,50,115,10,3.3
Wafer Bumper,Night,73.88,0.838,48,84,10,4.6
Wafer Bumper,Morning,66.89,1.03,30,97,8,5.0
Inspection,Morning,74.76,1.139,56,96,10,6.1
Die Bonder,Evening,72.8,1.076,50,120,4,3.6
Die Bonder,Evening,78.29,0.978,47,108,8,2.9
Inspection,Evening,75.29,0.954,57,120,1,7.9
Die Bonder,Evening,75.42,1.088,48,81,8,8.0
Wafer Bumper,Morning,71.04,1.084,53,101,3,5.5
Inspection,Night,74.42,1.088,31,94,10,6.0
Inspection,Morning,66.21,0.874,28,88,7,6.9
Inspection,Morning,70.33,1.0,58,117,0,4.2
Die Bonder,Evening,76.04,0.91,47,115,1,3.7
Die Bonder,Morning,75.15,1.005,37,96,7,5.4
Inspection,Evening,70.95,0.745,38,88,6,4.8
Die Bonder,Night,71.21,1.08,49,101,4,1.4
Wafer Bumper,Morning,70.28,0.982,55,117,6,5.5
Wafer Bumper,Night,69.54,1.057,32,98,9,7.1
Inspection,Night,80.62,0.955,24,102,3,6.2
Inspection,Night,82.67,0.988,47,83,2,2.2
Die Bonder,Night,68.88,1.065,50,85,8,7.3
Die Bonder,Morning,76.34,0.937,23,92,3,7.4
Die Bonder,Morning,76.09,0.951,33,107,6,3.2
Wafer Bumper,Evening,77.52,0.995,32,112,7,5.1
Inspection,Morning,69.65,1.053,27,109,3,3.2
Wafer Bumper,Evening,78.64,1.11,47,80,7,3.6
Wafer Bumper,Evening,80.93,1.02,53,90,2,10.4
Die Bonder,Morning,76.4,0.756,46,97,10,3.5
Inspection,Morning,72.37,1.056,26,84,14,3.1
Inspection,Night,77.6,1.099,48,96,4,3.0
Wafer Bumper,Morning,87.91,0.954,24,103,7,7.5
Wafer Bumper,Evening,72.98,0.986,52,107,6,5.0
Inspection,Morning,71.72,0.941,48,97,3,4.3
Die Bonder,Evening,83.46,1.075,40,102,10,3.4
Die Bonder,Evening,74.46,0.857,20,93,10,6.3
Wafer Bumper,Evening,77.03,1.011,35,98,0,5.2
Die Bonder,Night,77.6,0.974,36,115,10,4.7
Wafer Bumper,Night,67.68,1.02,45,83,4,8.0
Die Bonder,Morning,93.52,1.148,59,88,5,18.0
Die Bonder,Evening,75.86,0.892,51,88,13,4.1
Inspection,Morning,79.48,1.157,52,106,3,1.3
Inspection,Morning,78.11,1.062,39,81,10,4.7
Inspection,Night,77.57,1.048,22,113,5,6.9
Wafer Bumper,Morning,68.97,0.935,59,83,8,4.5
Inspection,Morning,69.98,0.738,58,120,10,5.6
Inspection,Morning,75.05,0.938,35,82,5,0.9
Die Bonder,Night,69.63,0.885,20,88,9,5.6
Inspection,Evening,76.32,0.966,45,100,7,7.6
Inspection,Morning,91.26,1.021,41,103,7,9.1
Inspection,Evening,72.44,1.18,58,98,6,7.3
Inspection,Morning,78.1,1.129,58,98,8,6.7
Inspection,Evening,67.93,1.104,60,96,7,7.3
Wafer Bumper,Evening,79.97,1.049,49,92,2,1.2
Die Bonder,Evening,78.23,1.168,48,111,3,1.7
Die Bonder,Night,67.49,1.084,43,107,8,5.8
Inspection,Evening,69.08,0.971,28,96,8,4.7
Die Bonder,Night,67.98,1.026,22,113,2,5.5
Inspection,Night,76.45,1.114,49,101,2,4.8
Die Bonder,Evening,79.06,0.866,56,91,5,2.8
Wafer Bumper,Evening,82.17,0.935,39,117,11,4.1
Die Bonder,Morning,71.56,0.916,58,88,8,1.7
Wafer Bumper,Night,84.11,0.715,56,108,4,4.3
Wafer Bumper,Night,74.61,1.057,55,116,5,8.3
Die Bonder,Night,73.76,0.861,37,108,6,1.3
Die Bonder,Evening,67.63,1.001,44,99,8,7.2
Wafer Bumper,Evening,79.2,1.112,53,118,10,0.7
Wafer Bumper,Morning,76.36,0.939,60,104,3,8.5
Wafer Bumper,Morning,73.49,1.018,58,94,0,4.8
Wafer Bumper,Night,71.13,0.952,53,87,1,4.5
Die Bonder,Night,59.66,0.813,20,100,3,5.0
Inspection,Morning,82.49,0.928,56,84,7,8.3
Wafer Bumper,Evening,78.61,1.013,38,118,9,4.4
Wafer Bumper,Morning,75.1,1.12,56,101,10,7.7
Die Bonder,Evening,74.71,1.015,60,91,7,4.8
Inspection,Morning,76.49,1.034,22,90,6,4.3
Inspection,Night,79.31,1.081,42,83,1,9.3
Wafer Bumper,Night,73.31,1.052,49,109,11,3.1
Die Bonder,Night,74.15,0.994,40,118,8,7.0
Inspection,Night,83.49,1.148,32,86,11,3.9
Die Bonder,Morning,70.34,0.96,41,81,10,7.0
Die Bonder,Night,75.4,0.962,40,116,5,5.5
Wafer Bumper,Evening,73.92,0.91,20,116,8,5.3
Wafer Bumper,Evening,71.91,1.053,51,111,0,3.0
Wafer Bumper,Night,75.91,0.876,50,100,5,3.4
Inspection,Evening,79.22,0.994,25,87,4,2.4
Inspection,Night,77.04,0.911,60,89,8,3.3
Die Bonder,Morning,81.27,1.082,44,84,6,2.6
Wafer Bumper,Night,73.71,0.947,46,98,3,1.6
Inspection,Evening,84.0,1.058,25,109,11,5.4
Die Bonder,Morning,68.64,1.083,40,90,1,5.4
Die Bonder,Night,81.5,1.013,36,96,10,6.6
Inspection,Morning,70.26,1.137,38,82,6,6.0
Inspection,Morning,74.24,1.123,20,120,2,5.3
Inspection,Night,77.86,0.993,22,105,7,2.9
Wafer Bumper,Night,82.27,1.136,55,113,13,5.7
Inspection,Evening,75.78,1.039,35,105,0,3.0
Wafer Bumper,Morning,80.12,0.813,31,109,11,4.5
Die Bonder,Evening,68.49,0.999,45,101,6,5.8
Inspection,Evening,74.54,0.884,59,97,9,4.8
Inspection,Evening,76.04,1.001,57,97,2,4.5
Wafer Bumper,Evening,78.62,1.026,56,111,8,4.3
Die Bonder,Night,75.92,0.977,27,112,11,4.7
Inspection,Morning,69.81,1.17,49,109,8,6.3
Wafer Bumper,Night,82.78,0.795,50,117,7,5.3
Inspection,Night,71.15,0.991,35,90,9,3.1
Inspection,Evening,81.57,1.145,53,102,4,3.2
Inspection,Evening,78.26,1.024,29,94,2,5.1
Die Bonder,Morning,68.28,1.048,30,108,5,5.9
Wafer Bumper,Night,77.64,0.958,29,118,6,7.7
Wafer Bumper,Morning,74.1,1.034,49,96,5,6.3
Inspection,Morning,74.79,0.911,50,112,8,8.5
Die Bonder,Morning,77.69,0.885,43,100,4,4.3
Inspection,Morning,75.23,0.894,21,120,4,3.9
Inspection,Evening,69.07,1.03,55,105,9,9.4
Inspection,Night,73.83,1.26,52,101,6,6.4
Inspection,Morning,75.04,0.864,42,85,3,6.9
Inspection,Night,74.12,0.844,47,104,8,7.9
Inspection,Night,80.89,1.177,59,94,10,2.9
Inspection,Morning,76.17,1.012,35,109,4,6.5
Die Bonder,Night,70.03,0.896,57,87,7,1.5
Wafer Bumper,Evening,74.62,0.988,54,101,0,9.5
Wafer Bumper,Night,75.49,1.043,38,86,8,3.7
Die Bonder,Morning,65.85,0.954,42,112,0,4.7
Inspection,Night,74.34,0.862,24,118,11,3.2
Inspection,Night,69.0,0.939,34,82,9,2.9
Die Bonder,Night,75.76,0.925,42,81,8,7.7
Die Bonder,Evening,73.07,0.81,37,98,9,6.3
Wafer Bumper,Evening,79.61,1.06,21,89,2,3.5
Wafer Bumper,Night,74.63,0.825,32,119,3,8.5
Wafer Bumper,Night,74.98,1.085,48,87,11,4.9
Inspection,Night,69.6,0.991,57,96,7,6.5
Die Bonder,Night,72.96,1.038,48,109,9,6.9
Inspection,Night,80.35,1.118,57,106,10,4.2
Inspection,Night,82.7,0.94,45,114,6,4.9
Inspection,Morning,71.55,0.889,45,86,8,8.8
Wafer Bumper,Evening,72.48,1.1,41,86,7,0.8
Inspection,Morning,73.0,1.193,39,105,1,10.3
Inspection,Evening,75.37,0.781,41,92,9,6.2
Inspection,Night,72.7,1.049,20,112,6,7.5
Wafer Bumper,Evening,79.01,1.052,47,114,7,6.7
Die Bonder,Night,61.03,0.974,22,94,2,6.0
Die Bonder,Evening,66.32,0.843,57,88,1,0.9
Wafer Bumper,Evening,67.57,0.856,37,119,2,4.3
Inspection,Evening,72.57,1.091,55,115,9,6.5
Inspection,Night,79.18,1.021,28,115,8,2.5
Inspection,Evening,69.95,1.06,53,113,3,5.3
Inspection,Morning,85.16,1.201,49,89,9,3.9
Die Bonder,Evening,74.44,0.994,20,85,9,7.7
Inspection,Night,84.34,1.086,25,81,9,7.5
Die Bonder,Evening,69.72,0.887,47,116,5,5.6
Wafer Bumper,Night,75.85,1.033,44,83,9,4.4
Wafer Bumper,Evening,69.43,0.983,29,84,5,4.0
Wafer Bumper,Night,65.36,1.025,50,119,8,4.2
Die Bonder,Night,84.46,1.033,40,100,5,5.8
Die Bonder,Evening,67.72,1.029,55,101,4,6.3
Die Bonder,Night,77.2,0.773,53,102,3,5.3
Die Bonder,Night,82.09,0.948,21,95,3,5.5
Wafer Bumper,Morning,69.49,1.017,52,90,5,4.8
Die Bonder,Night,73.85,1.121,25,83,9,3.5
Inspection,Morning,70.85,1.028,26,84,0,3.9
Inspection,Night,69.01,0.946,20,97,6,4.6
Inspection,Night,74.6,0.919,27,108,6,2.8
Die Bonder,Evening,70.06,1.2,34,84,6,2.6
Wafer Bumper,Morning,79.79,0.966,54,89,5,5.1
Wafer Bumper,Evening,63.95,1.123,52,101,7,5.8
Inspection,Evening,70.64,1.139,60,115,5,6.0
Die Bonder,Evening,77.14,1.093,39,86,5,2.4
Inspection,Evening,73.34,1.178,45,114,2,4.5
Die Bonder,Evening,72.95,1.013,23,108,5,0.0
Inspection,Evening,72.97,1.032,27,94,3,3.3
Die Bonder,Morning,86.8,1.096,57,97,3,3.0
Inspection,Evening,78.05,0.981,55,102,1,5.6
Die Bonder,Morning,74.57,1.011,36,81,7,3.5
Inspection,Night,71.34,0.943,39,89,4,7.1
Wafer Bumper,Morning,79.26,0.941,38,110,7,10.2
Wafer Bumper,Morning,78.3,1.125,48,95,1,4.4
Wafer Bumper,Night,76.93,1.113,38,93,1,3.9
Die Bonder,Night,73.33,0.937,26,93,5,7.2
Die Bonder,Night,80.5,0.849,31,107,13,7.4
Wafer Bumper,Evening,75.67,0.95,20,105,1,3.1
Wafer Bumper,Morning,74.68,0.924,43,120,2,5.5
Wafer Bumper,Morning,68.97,0.931,57,116,7,3.2
Wafer Bumper,Night,68.09,0.988,24,87,11,3.5
Wafer Bumper,Evening,77.38,1.053,32,102,0,4.6
Die Bonder,Night,71.07,0.996,49,101,10,4.1
Inspection,Night,75.83,1.11,49,103,9,2.8
Die Bonder,Night,73.4,1.037,60,99,3,3.0
Die Bonder,Night,66.74,0.907,32,95,9,5.2
Inspection,Night,75.16,1.103,35,111,9,2.2
Die Bonder,Morning,68.68,1.061,50,111,3,6.7
Wafer Bumper,Morning,69.73,0.924,55,96,5,5.2
Inspection,Night,69.92,1.179,44,81,6,4.9
Die Bonder,Night,76.43,1.081,44,99,9,6.3
Die Bonder,Night,73.32,1.012,31,107,1,6.1
Die Bonder,Night,95.66,0.956,53,85,13,19.6
Die Bonder,Morning,71.03,1.193,47,113,2,9.4
Wafer Bumper,Night,92.54,0.989,59,88,3,4.0
Die Bonder,Night,74.54,0.972,33,108,2,5.4
Inspection,Night,74.86,0.981,22,96,10,3.3
Wafer Bumper,Evening,70.45,1.038,27,94,4,2.5
Die Bonder,Night,68.6,1.099,39,82,3,1.5
Die Bonder,Night,66.33,1.249,43,112,11,7.7
Inspection,Morning,70.27,1.087,59,105,5,2.6
Die Bonder,Morning,68.16,1.041,35,107,0,7.9
Wafer Bumper,Night,63.03,1.076,20,90,3,8.7
Inspection,Morning,66.38,0.964,41,87,6,7.4
Wafer Bumper,Night,70.82,0.935,42,83,7,1.8
Inspection,Morning,92.44,1.064,59,84,15,16.5
Die Bonder,Morning,72.47,0.846,34,119,2,7.5
Die Bonder,Evening,72.22,1.123,59,108,9,6.8
Die Bonder,Morning,72.97,0.803,35,101,9,4.8
Wafer Bumper,Night,95.6,1.014,60,82,5,3.5
Die Bonder,Night,68.47,1.011,46,106,3,3.9
Die Bonder,Night,76.34,1.031,31,120,11,2.1
Wafer Bumper,Evening,65.78,1.078,39,87,7,4.9
Inspection,Night,72.04,1.047,59,103,3,5.6
Die Bonder,Night,79.74,1.131,41,113,9,4.1
Wafer Bumper,Morning,72.18,0.994,56,102,0,4.1
Inspection,Evening,68.66,0.768,55,100,10,2.9
Inspection,Night,73.34,0.982,24,109,1,7.4
Wafer Bumper,Night,72.31,0.972,45,104,1,9.2
Inspection,Morning,77.93,1.07,34,110,10,9.0
Wafer Bumper,Night,81.15,1.07,52,107,12,4.5
Die Bonder,Evening,83.42,0.877,47,114,4,4.2
Wafer Bumper,Night,76.52,1.064,25,81,9,3.7
Wafer Bumper,Night,82.8,0.963,40,94,11,3.7
Die Bonder,Morning,76.86,0.984,47,118,7,7.7
Wafer Bumper,Morning,76.75,1.164,53,112,2,3.3
Inspection,Morning,68.07,0.868,53,94,1,5.1
Die Bonder,Evening,74.21,1.047,26,110,13,3.4
Wafer Bumper,Morning,76.16,0.789,42,111,3,7.4
Inspection,Evening,73.76,1.03,20,103,2,5.6
Wafer Bumper,Evening,70.96,0.945,52,89,8,11.5
Wafer Bumper,Morning,82.55,0.996,46,107,8,1.6
Inspection,Night,73.12,1.01,44,81,7,3.7
Die Bonder,Evening,81.89,0.88,22,89,3,6.0
Die Bonder,Evening,67.67,0.889,24,94,8,3.4
Inspection,Night,74.71,1.012,52,90,5,4.8
Wafer Bumper,Morning,70.22,1.101,59,105,4,2.7
Wafer Bumper,Morning,66.86,1.066,32,93,6,2.0
Wafer Bumper,Evening,81.77,0.855,49,104,4,6.4
Die Bonder,Morning,85.46,1.116,22,88,11,7.9
Wafer Bumper,Evening,86.59,1.078,43,95,4,2.8
Wafer Bumper,Morning,69.8,1.043,56,82,2,4.3
Inspection,Morning,71.89,0.989,53,94,7,2.1
Wafer Bumper,Evening,68.84,1.02,58,96,10,6.4
Die Bonder,Evening,74.54,1.073,34,95,1,4.2
Inspection,Morning,73.94,1.05,26,109,8,4.9
Inspection,Night,75.83,0.951,22,102,8,4.5
Wafer Bumper,Evening,66.25,0.999,37,109,10,4.7
Inspection,Evening,78.56,0.804,37,103,3,1.5
Wafer Bumper,Evening,67.07,1.149,52,94,8,5.4
Inspection,Evening,69.84,1.117,53,96,3,3.6
Die Bonder,Evening,88.73,1.095,38,115,8,12.2
Inspection,Night,62.75,0.981,25,117,1,3.9
Wafer Bumper,Night,69.35,1.054,20,116,4,4.4
Wafer Bumper,Night,77.38,0.87,44,93,4,3.2
Wafer Bumper,Evening,85.45,0.952,24,95,9,18.6
Wafer Bumper,Evening,82.83,0.943,36,92,13,3.8
Inspection,Morning,79.04,1.176,51,112,4,6.1
Inspection,Morning,76.24,1.066,28,90,3,3.7
Inspection,Evening,71.7,0.812,25,106,10,3.0
Die Bonder,Night,73.01,0.902,52,98,8,3.8
Wafer Bumper,Evening,65.69,1.052,59,92,7,8.3
Inspection,Night,67.28,0.855,45,88,4,7.9
Inspection,Evening,80.93,0.955,47,111,11,4.0
Die Bonder,Evening,79.08,1.185,22,89,0,0.0
Die Bonder,Morning,76.17,1.111,22,88,8,6.1
Die Bonder,Morning,96.54,0.948,55,106,15,18.6
Wafer Bumper,Night,67.87,1.028,55,85,10,5.7
Inspection,Morning,67.23,1.085,57,112,5,5.0
Die Bonder,Night,68.74,0.902,52,99,5,7.1
Inspection,Morning,73.6,1.026,46,97,5,5.0
Wafer Bumper,Morning,88.48,0.968,58,109,9,6.5
Inspection,Night,76.85,0.815,60,90,7,3.5
Die Bonder,Evening,72.98,1.104,33,100,3,4.7
Inspection,Evening,67.46,1.203,51,107,1,5.4
Inspection,Night,70.7,0.939,20,93,9,7.6
Inspection,Morning,79.24,0.897,49,111,2,5.5
Die Bonder,Morning,69.45,0.958,24,110,6,4.4
Die Bonder,Morning,69.8,1.168,36,101,0,5.6
Die Bonder,Night,73.52,1.127,39,110,2,5.5
Wafer Bumper,Evening,74.6,1.02,53,106,9,4.0
Wafer Bumper,Morning,76.16,0.929,27,102,9,6.6
Wafer Bumper,Evening,71.83,1.102,51,90,1,5.2
Die Bonder,Night,70.36,0.878,30,109,9,6.1
Inspection,Morning,69.89,1.044,39,88,7,4.8
Inspection,Night,68.51,0.94,32,105,9,2.7
Wafer Bumper,Evening,72.8,0.963,44,119,9,3.8
Inspection,Evening,77.8,1.107,24,85,3,4.0
Inspection,Evening,80.18,1.041,45,84,3,6.1
Wafer Bumper,Evening,84.98,0.845,24,83,11,6.3
Inspection,Morning,68.18,0.845,24,93,9,6.1
Inspection,Night,69.84,0.988,58,107,7,7.3
Die Bonder,Evening,69.8,1.016,53,114,1,5.6
Inspection,Morning,74.02,1.068,49,88,4,2.2
Wafer Bumper,Night,78.38,1.012,49,96,10,3.3
Wafer Bumper,Morning,69.78,0.981,47,93,7,7.9
Wafer Bumper,Evening,73.16,1.123,54,84,10,9.7
Inspection,Morning,71.65,0.931,36,111,10,6.2
Inspection,Morning,72.53,1.024,22,111,10,3.4
Inspection,Night,84.42,1.122,50,97,2,2.2
Wafer Bumper,Night,77.55,1.08,44,115,6,3.7
Wafer Bumper,Night,82.15,1.015,23,83,3,6.5
Die Bonder,Night,79.8,1.094,40,111,7,6.5
Wafer Bumper,Night,71.73,1.058,42,98,10,5.0
Inspection,Night,72.49,1.166,20,110,7,3.1
Inspection,Evening,69.88,0.997,38,99,6,6.6
Wafer Bumper,Evening,73.22,1.118,26,87,9,5.2
Inspection,Night,76.41,1.102,39,108,11,7.2
Inspection,Evening,72.66,0.993,60,119,4,6.0
Die Bonder,Night,92.5,0.991,30,106,4,15.1
Inspection,Night,78.53,1.028,42,119,11,4.0
Wafer Bumper,Night,78.17,0.903,29,90,11,2.5
Die Bonder,Evening,81.61,1.085,30,111,3,10.2
Inspection,Evening,74.96,0.96,23,88,9,4.7
Inspection,Morning,75.1,1.087,53,105,9,3.1
Die Bonder,Morning,64.45,1.22,23,105,2,4.7
Die Bonder,Morning,70.99,0.906,59,111,9,2.9
Die Bonder,Evening,66.44,0.899,47,92,9,2.6
Die Bonder,Morning,78.43,0.981,27,86,6,2.7
Inspection,Night,74.84,1.189,40,106,11,0.3
Wafer Bumper,Morning,74.29,0.985,39,85,6,6.8
Inspection,Night,74.14,1.094,24,117,11,3.1
Inspection,Evening,83.11,0.967,40,105,10,4.9
Wafer Bumper,Evening,72.0,0.856,20,90,6,3.7
Inspection,Night,73.5,0.903,35,117,6,5.2
Inspection,Morning,77.31,1.079,38,115,5,4.3
Die Bonder,Morning,74.96,1.074,24,119,10,5.1
Wafer Bumper,Evening,77.15,0.924,23,103,9,10.3
Wafer Bumper,Night,71.63,0.955,44,103,10,3.8
Die Bonder,Morning,78.64,0.938,57,118,1,3.3
Wafer Bumper,Morning,70.98,1.125,54,94,10,4.6
Wafer Bumper,Evening,84.99,1.067,42,91,11,6.9
Die Bonder,Night,70.45,0.991,29,117,9,5.9
Inspection,Evening,82.51,0.816,60,107,3,7.0
Wafer Bumper,Morning,79.26,0.998,53,94,3,4.4
Wafer Bumper,Morning,68.84,1.164,31,118,2,3.2
Inspection,Morning,65.87,1.046,26,80,3,7.5
Die Bonder,Morning,78.78,0.912,32,89,0,7.3
Wafer Bumper,Morning,79.31,0.953,52,99,5,6.6
Inspection,Morning,82.0,1.114,35,85,7,8.1
Inspection,Night,78.33,1.054,51,107,6,9.4
Wafer Bumper,Evening,76.48,0.989,20,100,6,4.4
Inspection,Morning,71.67,0.853,45,80,4,3.4
Inspection,Morning,76.66,1.008,32,95,4,5.3
Die Bonder,Night,77.01,0.865,40,108,3,5.3
Inspection,Evening,77.41,0.903,43,109,8,4.5
Die Bonder,Morning,93.01,0.872,40,94,10,11.5
Die Bonder,Morning,71.76,1.106,28,86,6,6.9
Inspection,Night,72.42,0.87,34,80,2,6.9
Die Bonder,Morning,82.35,0.945,34,119,2,7.6
Wafer Bumper,Night,72.33,1.195,29,105,11,5.5
Wafer Bumper,Night,76.86,1.182,25,117,2,6.4
Wafer Bumper,Evening,78.22,0.955,29,103,6,9.5
Wafer Bumper,Night,72.43,1.218,57,88,10,3.9
Die Bonder,Night,83.61,1.022,54,94,13,3.0
Wafer Bumper,Evening,71.2,0.961,43,119,2,6.4
Die Bonder,Night,75.73,1.092,28,109,6,2.8
Inspection,Morning,71.01,1.037,40,81,10,2.6
Inspection,Morning,77.82,0.973,25,90,9,2.8
Inspection,Evening,74.61,1.028,20,98,1,4.5
Die Bonder,Evening,80.7,0.865,44,102,5,2.7
Wafer Bumper,Evening,72.23,0.988,60,88,0,3.2
Die Bonder,Night,69.13,0.857,39,90,3,6.0
Inspection,Evening,70.44,1.066,38,81,5,10.7
Wafer Bumper,Night,69.75,0.832,44,100,6,14.4
Die Bonder,Night,82.31,0.971,41,120,10,5.4
Die Bonder,Morning,82.08,1.159,34,98,7,5.3
Wafer Bumper,Night,79.32,0.866,47,83,10,9.6
Wafer Bumper,Evening,74.62,1.059,51,112,10,4.2
Inspection,Evening,75.82,0.892,33,84,7,0.7
Wafer Bumper,Morning,77.62,0.854,44,119,1,1.6
Inspection,Night,60.22,0.83,32,108,10,0.0
Die Bonder,Evening,83.07,1.079,56,90,8,2.9
Inspection,Morning,72.22,1.098,30,84,3,2.7
Inspection,Night,76.93,0.992,55,119,4,4.6
Wafer Bumper,Evening,77.98,1.081,34,102,1,6.7
Inspection,Evening,67.8,1.052,27,83,7,2.7
Die Bonder,Morning,72.1,1.138,54,102,8,5.2
Inspection,Morning,78.91,1.034,49,91,9,2.2
Die Bonder,Night,66.02,1.035,35,119,5,8.2
Wafer Bumper,Evening,71.07,1.163,22,87,6,7.3
Wafer Bumper,Morning,79.09,1.043,59,91,4,5.5
Wafer Bumper,Night,76.41,1.127,33,114,9,3.6
Die Bonder,Evening,78.11,0.816,59,111,14,16.8
Wafer Bumper,Evening,75.75,0.975,46,111,10,6.1
Inspection,Morning,75.05,1.156,34,87,7,6.0
Wafer Bumper,Morning,74.32,0.876,39,102,8,4.9
Die Bonder,Evening,79.0,1.049,45,99,1,8.7
Inspection,Night,79.52,1.152,44,108,4,4.8
Wafer Bumper,Night,71.75,0.926,21,87,5,4.8
Wafer Bumper,Night,62.13,0.975,49,81,2,5.2
Inspection,Evening,77.21,0.995,58,83,6,3.2
Die Bonder,Morning,75.66,0.846,59,114,7,2.2
Wafer Bumper,Evening,74.37,0.991,44,113,10,3.3
Inspection,Evening,74.33,1.001,35,95,2,6.0
Inspection,Morning,70.72,0.952,45,84,0,3.9
Wafer Bumper,Night,76.81,1.101,60,80,7,4.3
Inspection,Morning,78.47,0.846,32,83,7,2.2
Wafer Bumper,Night,69.66,1.039,46,94,2,0.0
Wafer Bumper,Evening,73.07,1.003,34,101,4,6.3
Die Bonder,Morning,72.84,0.927,21,114,0,4.2
Inspection,Night,69.33,1.033,44,100,5,3.4
Die Bonder,Night,73.51,0.883,54,84,5,4.7
Wafer Bumper,Night,79.89,1.018,36,80,5,7.7
Inspection,Morning,83.11,1.156,25,87,10,3.2
Inspection,Night,81.96,1.065,53,115,11,7.4
Inspection,Morning,83.81,0.917,52,109,3,7.4
Die Bonder,Morning,76.03,1.033,23,94,1,3.6
Inspection,Evening,77.55,0.997,35,98,10,5.5
Die Bonder,Morning,76.38,1.004,25,96,0,6.2
Inspection,Evening,77.32,0.992,43,120,5,7.7
Die Bonder,Night,79.94,1.01,33,94,11,5.8
Inspection,Night,69.42,0.975,54,110,9,2.0
Wafer Bumper,Morning,74.04,1.014,45,107,10,3.4
Die Bonder,Morning,73.49,0.966,26,96,1,3.9
Die Bonder,Morning,82.13,0.937,25,114,10,2.0
Inspection,Evening,75.02,0.877,26,84,2,3.9
Die Bonder,Morning,76.84,0.885,32,80,3,8.4
Wafer Bumper,Morning,73.91,1.135,48,107,7,3.8
Wafer Bumper,Evening,72.39,0.931,26,82,6,4.9
Die Bonder,Night,76.18,0.996,27,83,1,4.1
Die Bonder,Night,77.11,1.124,59,103,11,2.0
Inspection,Night,79.6,0.921,42,115,1,2.3
Inspection,Morning,68.43,0.927,51,98,0,6.6
Die Bonder,Evening,72.75,1.035,24,101,2,7.5
Inspection,Morning,78.72,1.057,20,120,6,4.4
Die Bonder,Evening,77.26,0.998,28,102,10,0.3
Wafer Bumper,Evening,70.77,1.067,33,80,8,3.6
Die Bonder,Evening,74.7,0.958,45,104,8,8.0
Wafer Bumper,Evening,67.11,0.985,56,116,10,8.4
Inspection,Night,70.49,0.937,29,113,10,2.7
Die Bonder,Morning,66.36,0.916,53,100,9,4.3
Inspection,Night,75.23,0.96,51,88,9,7.0
Inspection,Evening,70.36,0.925,45,120,9,9.0
Inspection,Evening,81.38,0.938,42,108,8,7.0
Die Bonder,Morning,73.77,0.917,52,86,4,4.9
Wafer Bumper,Morning,72.01,0.967,41,105,2,3.8
Wafer Bumper,Evening,78.41,1.115,40,111,2,4.5
Wafer Bumper,Morning,78.23,0.998,40,100,6,17.1
Die Bonder,Night,80.59,0.982,30,91,8,3.9
Inspection,Night,75.52,1.094,33,117,11,6.5
Die Bonder,Night,73.85,0.972,56,84,9,4.6
Wafer Bumper,Night,77.3,1.144,53,112,2,3.7
Wafer Bumper,Morning,72.62,0.868,35,119,4,3.5
Die Bonder,Evening,82.17,1.0,60,110,13,3.4
Inspection,Night,70.22,1.059,42,116,9,3.7
Die Bonder,Evening,81.29,0.965,59,89,12,6.1
Inspection,Night,78.17,0.967,51,92,5,6.0
Inspection,Evening,74.67,0.926,57,87,0,4.8
Die Bonder,Morning,73.33,0.808,26,118,0,0.8
Die Bonder,Night,70.33,1.075,50,109,8,3.5
Die Bonder,Night,72.49,0.945,48,102,9,9.1
Inspection,Morning,77.27,1.104,58,90,5,3.0
Die Bonder,Night,77.64,1.044,27,110,7,4.6
Wafer Bumper,Morning,71.34,1.04,20,93,5,3.0
Inspection,Evening,76.7,1.104,47,98,3,4.7
Die Bonder,Morning,71.66,1.075,43,112,10,7.2
Die Bonder,Morning,76.74,0.794,47,99,2,6.9
Wafer Bumper,Morning,82.15,1.061,49,119,9,5.9
Inspection,Night,70.83,0.783,25,99,11,6.4
Inspection,Night,70.55,1.132,42,109,4,9.4
Inspection,Evening,76.09,1.107,47,117,3,4.4
Die Bonder,Evening,70.15,0.993,43,90,1,9.1
Wafer Bumper,Morning,65.44,0.887,25,93,9,6.4
Die Bonder,Night,77.9,1.075,33,114,8,7.2
Die Bonder,Evening,78.35,1.048,29,83,2,1.7
Inspection,Night,72.86,1.008,58,85,8,8.0
Die Bonder,Night,77.82,0.883,39,96,6,4.0
Wafer Bumper,Night,67.52,1.001,26,83,5,8.4
Inspection,Evening,71.13,1.007,20,112,5,6.1
Wafer Bumper,Morning,79.36,0.88,57,109,4,4.0
Die Bonder,Evening,77.46,1.169,54,113,2,5.8
Die Bonder,Morning,74.72,0.997,56,92,2,4.1
Wafer Bumper,Morning,73.99,1.028,59,100,6,5.9
Die Bonder,Night,78.17,0.929,47,91,11,6.2
Die Bonder,Night,72.3,1.028,53,87,8,6.2
Wafer Bumper,Night,69.68,1.148,48,92,11,4.7
Die Bonder,Evening,76.94,1.048,50,107,4,2.9
Inspection,Night,82.38,0.923,26,92,11,2.2
Wafer Bumper,Morning,70.45,0.942,34,116,6,8.9
Wafer Bumper,Night,73.66,1.084,37,115,9,3.8
Die Bonder,Night,69.09,0.979,22,81,6,3.6
Wafer Bumper,Morning,77.17,1.067,29,100,5,9.1
Inspection,Night,80.1,0.999,30,87,7,5.5
Die Bonder,Evening,66.79,0.875,28,114,0,3.6
Wafer Bumper,Evening,80.56,0.982,29,109,2,0.9
Wafer Bumper,Night,64.19,1.131,58,101,10,5.4
Inspection,Night,66.55,1.198,52,108,5,4.5
Inspection,Morning,76.25,1.026,48,104,3,0.8
Inspection,Evening,73.22,1.147,37,87,5,1.1
Wafer Bumper,Morning,68.15,1.174,40,83,9,3.8
Die Bonder,Morning,69.71,1.028,39,86,10,4.9
Inspection,Night,83.85,1.018,40,100,7,4.7
Die Bonder,Evening,75.16,1.051,49,87,7,5.4
Inspection,Morning,74.89,0.901,51,106,8,3.6
Inspection,Morning,74.66,1.045,38,87,1,7.0
Wafer Bumper,Evening,71.24,1.007,52,82,0,9.5
Inspection,Evening,76.36,0.978,38,112,10,5.9
Die Bonder,Night,70.75,0.839,28,92,11,5.0
Wafer Bumper,Night,70.01,0.925,42,116,2,5.2
Die Bonder,Morning,75.48,0.829,26,84,0,5.0
Wafer Bumper,Evening,78.92,1.009,57,106,10,3.6
Wafer Bumper,Night,74.34,1.115,33,115,7,4.6
Inspection,Morning,65.56,1.028,37,113,3,3.2
Wafer Bumper,Morning,87.19,0.974,59,118,6,9.7
Wafer Bumper,Night,76.81,1.106,43,80,2,4.6
